standard_id,standard_number,title,description,category,status,document_type,domain,keywords,related_terms,application,version_year,official_source,verification_status
1,IS 694,Polyvinyl Chloride Insulated Unsheathed and Sheathed Cables/Cords,Specifies requirements for PVC insulated cables and cords for power distribution and wiring.,Product Standard,Active,Indian Standard,Electrical,"PVC cable, electrical wire, insulated cable, house wiring","domestic wiring, low voltage cable, electrical cord",Residential and commercial wiring,2010,BIS,Verified
2,IS 1554 (Part 1),PVC Insulated (Heavy Duty) Electric Cables - Up to 1100 V,Covers heavy-duty PVC insulated cables for industrial and power distribution applications.,Product Standard,Active,Indian Standard,Electrical,"heavy duty PVC cable, power cable, industrial cable","armoured cable, low voltage power cable",Industrial and utility power grids,1988,BIS,Verified
3,IS 1554 (Part 2),PVC Insulated (Heavy Duty) Electric Cables - 3.3 kV to 11 kV,Covers requirements for heavy-duty PVC insulated cables for high voltage power distribution.,Product Standard,Active,Indian Standard,Electrical,"high voltage PVC, HT cable, power transmission","heavy duty power cable, distribution cable",High voltage industrial and utility distribution,1988,BIS,Verified
4,IS 7098 (Part 1),Crosslinked Polyethylene Insulated Thermoplastic Sheathed Cables - Up to 1100 V,Specifies XLPE insulated cables for low voltage power distribution with superior thermal properties.,Product Standard,Active,Indian Standard,Electrical,"XLPE cable, power cable, cross linked polyethylene","underground cable, LV XLPE",Power transmission and distribution,1988,BIS,Verified
5,IS 7098 (Part 2),Crosslinked Polyethylene Insulated Thermoplastic Sheathed Cables - 3.3 kV to 33 kV,Covers XLPE insulated cables for medium and high voltage power transmission.,Product Standard,Active,Indian Standard,Electrical,"XLPE HT cable, medium voltage cable, cross linked polyethylene","HV underground cable, MV XLPE",High voltage power transmission,2011,BIS,Verified
6,IS 9968 (Part 1),Elastomer Insulated Cables - Up to 1100 V,Specifies requirements for elastomer insulated cables used in flexible and heavy-duty applications.,Product Standard,Active,Indian Standard,Electrical,"elastomer cable, rubber insulated cable, flexible power cable","rubber cable, heavy duty flexible",Industrial flexible wiring and mining,1988,BIS,Verified
7,IS 9968 (Part 2),Elastomer Insulated Cables - 3.3 kV to 33 kV,Covers high voltage elastomer insulated cables for specialized heavy-duty power transmission.,Product Standard,Active,Indian Standard,Electrical,"HV elastomer cable, high voltage rubber cable, flexible HT cable",rubber insulated HT cable,Specialized high voltage flexible applications,2002,BIS,Verified
8,IS 14255,Aerial Bunched Cables for Working Voltages up to 1100 V,Specifies requirements for overhead aerial bunched cables for power distribution.,Product Standard,Active,Indian Standard,Electrical,"aerial bunched cable, ABC cable, overhead power cable","overhead distribution, insulated overhead conductor",Overhead power distribution networks,1995,BIS,Verified
9,IS 17048,Halogen Free Flame Retardant (HFFR) Cables up to 1100 V,"Covers requirements for halogen-free, flame-retardant cables for safety in fire-prone areas.",Product Standard,Active,Indian Standard,Electrical,"halogen free cable, HFFR, flame retardant cable, fire resistant","low smoke zero halogen, LSZH cable",Public buildings and fire-sensitive installations,2018,BIS,Verified
10,IS 5831,PVC Insulation and Sheath of Electric Cables,Specifies the physical and electrical requirements for PVC insulation and sheathing materials.,Material Standard,Active,Indian Standard,Electrical,"PVC sheath, cable insulation, PVC material","polyvinyl chloride insulation, outer sheath",Manufacturing of PVC cables,1984,BIS,Verified
11,IS 16101,General Lighting - LEDs and LED Modules - Terms and Definitions,Provides the fundamental terminology and definitions for LED lighting systems.,Supporting Technical Document,Active,Indian Standard,LED and Lighting,"LED definitions, lighting terminology, LED modules","LED glossary, lighting terms",General reference for LED procurement,2012,BIS,Verified
12,IS 16102 (Part 1),Self-Ballasted LED Lamps for General Lighting Services - Safety Requirements,Specifies the safety and interchangeability requirements for self-ballasted LED lamps.,Safety,Active,Indian Standard,LED and Lighting,"LED lamp safety, self-ballasted LED, LED bulb","LED lighting, safe illumination",Office and domestic LED lighting,2012,BIS,Verified
13,IS 16102 (Part 2),Self-Ballasted LED Lamps for General Lighting Services - Performance Requirements,Covers the performance requirements for self-ballasted LED lamps including luminous flux and life.,Performance,Active,Indian Standard,LED and Lighting,"LED performance, LED lamp efficiency, lumen output","LED bulb specs, lighting efficiency",Office and domestic LED lighting,2012,BIS,Verified
14,IS 16103 (Part 1),LED Modules for General Lighting - Safety Requirements,Specifies safety requirements for LED modules used in general lighting applications.,Safety,Active,Indian Standard,LED and Lighting,"LED module safety, lighting module, LED array","safe LED module, lighting component safety",Commercial and industrial LED fixtures,2012,BIS,Verified
15,IS 16103 (Part 2),LED Modules for General Lighting - Performance Requirements,Covers performance standards for LED modules to ensure adequate lighting quality and longevity.,Performance,Active,Indian Standard,LED and Lighting,"LED module performance, luminous efficacy, module life","LED array specs, lighting module efficiency",Commercial and industrial LED fixtures,2012,BIS,Verified
16,IS 15885 (Part 2/Sec 13),Safety of Lamp Control Gear - Particular Requirements for DC or AC Supplied Electronic Control Gear for LED Modules,Specifies safety requirements for electronic control gear (drivers) powering LED modules.,Safety,Active,Indian Standard,LED and Lighting,"LED driver safety, control gear, LED power supply","electronic ballast, LED converter",LED fixture manufacturing and procurement,2012,BIS,Verified
17,IS 16104,DC or AC Supplied Electronic Control Gear for LED Modules - Performance Requirements,Specifies performance requirements for LED control gears to ensure stable power delivery.,Performance,Active,Indian Standard,LED and Lighting,"LED driver performance, control gear efficiency, power supply specs","electronic ballast performance, LED converter efficiency",LED fixture manufacturing and procurement,2012,BIS,Verified
18,IS 16105,Method of Measurement of Lumen Maintenance of Solid State Light (LED) Sources,Outlines the testing procedures for measuring how well LED sources maintain their light output over time.,Test Method,Active,Indian Standard,LED and Lighting,"lumen maintenance, LED testing, light output test","LED degradation, solid state lighting test",Quality assurance and testing of LEDs,2012,BIS,Verified
19,IS 16106,Method of Electrical and Photometric Measurements of Solid-State Lighting (LED) Products,Specifies procedures for measuring electrical power and photometric properties of LED products.,Test Method,Active,Indian Standard,LED and Lighting,"photometric measurement, electrical measurement, LED testing","luminous flux test, LED power test",Quality assurance and testing of LEDs,2012,BIS,Verified
20,IS 16108,Photobiological Safety of Lamps and Lamp Systems,Specifies safety requirements to prevent optical radiation hazards from LEDs and other lamps.,Safety,Active,Indian Standard,LED and Lighting,"photobiological safety, optical radiation, eye safety LED","blue light hazard, UV emission",Safety assessment of all lighting products,2012,BIS,Verified
21,IS 456,Plain and Reinforced Concrete - Code of Practice,General structural use and design guidelines for plain and reinforced concrete.,Structural Design,Active,Indian Standard,Civil and Construction,"RCC, reinforced concrete, plain concrete, structural design","cement concrete, building construction",Building and structural construction,2000,BIS,Verified
22,IS 1786,High Strength Deformed Steel Bars and Wires for Concrete Reinforcement,Specifies requirements for high strength deformed steel bars used in concrete reinforcement.,Material Standard,Active,Indian Standard,Civil and Construction,"TMT bar, reinforcement steel, deformed bar, RCC steel","rebar, construction steel",RCC construction reinforcement,2008,BIS,Verified
23,IS 383,Coarse and Fine Aggregates for Concrete,Specifies requirements for naturally sourced and manufactured aggregates used in concrete mixes.,Material Standard,Active,Indian Standard,Civil and Construction,"concrete aggregate, coarse aggregate, fine aggregate, sand","crushed stone, building sand, concrete mix ingredients",Concrete batching and construction,2016,BIS,Verified
24,IS 10262,Concrete Mix Proportioning - Guidelines,Provides guidelines for proportioning concrete mixes to achieve desired strength and durability.,Structural Design,Active,Indian Standard,Civil and Construction,"concrete mix design, mix proportioning, target strength","concrete composition, batching design",Concrete mix formulation for construction,2019,BIS,Verified
25,IS 516,Methods of Tests for Strength of Concrete,Outlines the laboratory testing methods for determining the compressive and flexural strength of concrete.,Test Method,Active,Indian Standard,Civil and Construction,"concrete strength test, compressive strength, flexural strength","cube test, concrete testing, load bearing test",Quality control and testing of concrete,1959,BIS,Verified
26,IS 9103,Concrete Admixtures - Specification,Specifies requirements for chemical admixtures added to concrete to modify its properties.,Material Standard,Active,Indian Standard,Civil and Construction,"concrete admixture, plasticizer, superplasticizer, retarder","concrete chemicals, setting time modifier",Concrete batching and advanced mix design,1999,BIS,Verified
27,IS 875,Design Loads for Buildings and Structures,"Specifies various design loads including dead, live, wind, and snow loads for structural engineering.",Structural Design,Active,Indian Standard,Civil and Construction,"design load, wind load, dead load, live load","structural loading, building code loads",Structural analysis and building design,1987,BIS,Verified
28,IS 13920,Ductile Design and Detailing of Reinforced Concrete Structures Subjected to Seismic Forces,Provides guidelines for ductile detailing to ensure earthquake-resistant reinforced concrete structures.,Structural Design,Active,Indian Standard,Civil and Construction,"ductile detailing, seismic design, earthquake resistant","seismic reinforcement, structural ductility",Construction in seismic zones,2016,BIS,Verified
29,SP 34,Handbook on Concrete Reinforcement and Detailing,"Provides information on properties of reinforcing steel and detailing requirements, including storage, fabrication, assembly, and placing.",Supporting Technical Document,Active,BIS Handbook,Civil and Construction,"reinforcement detailing, bar bending, RCC detailing","steel detailing, rebar bending schedule",Concrete construction detailing,1987,BIS,Verified
30,SP 72,National Lighting Code,"Comprehensive handbook covering lighting design, visual environments, and application of LED and conventional lighting systems.",Supporting Technical Document,Active,BIS Special Publication,LED and Lighting,"lighting code, illumination design, visual environment","lighting guidelines, building lighting standard",Architectural lighting and electrical design,2010,BIS,Verified
